DCA-Facilities & Property Mgmt,DCA
DCA-FREDS-Fleet Services,DCA
DCA-IT,DCA
DCHS-Aging & Disability Services,DCHS
DCHS-Community Services Division,DCHS
DCHS-Developmental Disabilities,DCHS
DCHS-DV GENERAL SERVICES,DCHS
DCHS-Innovation & Policy Unit,DCHS
DCHS-SUN Svc System Division,DCHS
DCS-Animal Services,DCS
DCS-County Transportation,DCS
DCS-Director's Office-Business Services,DCS
DCS-Elections,DCS
DCS-LUP-Division Director,DCS
DCS-Trans-Bridge Services,DCS
Dept of Community Justice,DCJ
Dept of Community Services,DCS
Dept of County Assets,DCA
Dept of County Human Services,DCHS
Dept of County Management,DCM
District Attorney,DA
Emergency Management,EM
HD-Mental Health & Addiction Services,HD
Health Department,HD
Joint Office of Homeless Services,JOHS
Library,LIB
MCSO-Business Svcs-Equipment,MCSO
ND-Chair's Office,DCA
ND-County Attorney,DCA
ND-County Auditor,AUD
ND-County Commissioner District 2,BCC
ND-Public Safety Coord Council,NON D
Non Departmental,NON D
Sheriff,MCSO
